CommandLine, Time, Executable, Parent PID, PID, User, SID, Privileges
CommandLine, Time, Executable, Parent PID, PID, User, SID, Privileges
CommandLine, Time, Executable, Parent PID, PID, User, SID, Privileges
CommandLine, Time, Executable, Parent PID, PID, User, SID, Privileges
CommandLine, Time, Executable, Parent PID, PID, User, SID, Privileges
CommandLine, Time, Executable, Parent PID, PID, User, SID, Privileges
CommandLine, Time, Executable, Parent PID, PID, User, SID, Privileges
CommandLine, Time, Executable, Parent PID, PID, User, SID, Privileges
CommandLine, Time, Executable, Parent PID, PID, User, SID, Privileges
CommandLine, Time, Executable, Parent PID, PID, User, SID, Privileges
CommandLine, Time, Executable, Parent PID, PID, User, SID, Privileges
CommandLine, Time, Executable, Parent PID, PID, User, SID, Privileges
C:\Windows\system32\DllHost.exe /Processid:{AB8902B4-09CA-4BB6-B78D-A8F59079A8D5} , 20210512080100.003666-420 , C:\Windows\system32\DllHost.exe,776 , 3796 , ('DESKTOP-0UPL3QB', 0, 'Mija') , N/A
"C:\Windows\system32\notepad.exe"  , 20210512080146.471541-420 , C:\Windows\system32\notepad.exe,4184 , 2452 , ('DESKTOP-0UPL3QB', 0, 'Mija') , N/A
CommandLine, Time, Executable, Parent PID, PID, User, SID, Privileges
CommandLine, Time, Executable, Parent PID, PID, User, SID, Privileges
CommandLine, Time, Executable, Parent PID, PID, User, SID, Privileges
CommandLine, Time, Executable, Parent PID, PID, User, SID, Privileges
"C:\Windows\system32\notepad.exe"  , 20210512080618.535256-420 , C:\Windows\system32\notepad.exe,4184 , 1056 , ('DESKTOP-0UPL3QB', 0, 'Mija') , N/A
None , 20210512080627.444872-420 , None,652 , 2396 , (None, 2, None) , N/A
CommandLine, Time, Executable, Parent PID, PID, User, SID, Privileges
"C:\Program Files\WindowsApps\Microsoft.WindowsCalculator_10.2103.8.0_x64__8wekyb3d8bbwe\Calculator.exe" -ServerName:App.AppXsm3pg4n7er43kdh1qp4e79f1j7am68r8.mca , 20210512080842.069299-420 , C:\Program Files\WindowsApps\Microsoft.WindowsCalculator_10.2103.8.0_x64__8wekyb3d8bbwe\Calculator.exe ,776 , 4972 , ('DESKTOP-0UPL3QB', 0, 'Mija') , (0, 'S-1-5-21-1662580254-4271704066-2701401304-1001') , N/A
C:\Windows\System32\RuntimeBroker.exe -Embedding , 20210512080842.574120-420 , C:\Windows\System32\RuntimeBroker.exe ,776 , 2464 , ('DESKTOP-0UPL3QB', 0, 'Mija') , (0, 'S-1-5-21-1662580254-4271704066-2701401304-1001') , N/A
"C:\Program Files\WindowsApps\Microsoft.WindowsCalculator_10.2103.8.0_x64__8wekyb3d8bbwe\Calculator.exe" -ServerName:App.AppXsm3pg4n7er43kdh1qp4e79f1j7am68r8.mca , 20210512080903.628306-420 , C:\Program Files\WindowsApps\Microsoft.WindowsCalculator_10.2103.8.0_x64__8wekyb3d8bbwe\Calculator.exe ,776 , 6708 , ('DESKTOP-0UPL3QB', 0, 'Mija') , (0, 'S-1-5-21-1662580254-4271704066-2701401304-1001') , N/A
CommandLine, Time, Executable, Parent PID, PID, User, SID, Privileges
"C:\Windows\system32\notepad.exe"  , 20210512081032.758615-420 , C:\Windows\system32\notepad.exe ,4184 , 1812 , ('DESKTOP-0UPL3QB', 0, 'Mija') , (0, 'S-1-5-21-1662580254-4271704066-2701401304-1001') , N/A
"C:\Program Files\WindowsApps\Microsoft.WindowsCalculator_10.2103.8.0_x64__8wekyb3d8bbwe\Calculator.exe" -ServerName:App.AppXsm3pg4n7er43kdh1qp4e79f1j7am68r8.mca , 20210512081039.422944-420 , C:\Program Files\WindowsApps\Microsoft.WindowsCalculator_10.2103.8.0_x64__8wekyb3d8bbwe\Calculator.exe ,776 , 5936 , ('DESKTOP-0UPL3QB', 0, 'Mija') , (0, 'S-1-5-21-1662580254-4271704066-2701401304-1001') , N/A
C:\Windows\System32\RuntimeBroker.exe -Embedding , 20210512081039.820385-420 , C:\Windows\System32\RuntimeBroker.exe ,776 , 5860 , ('DESKTOP-0UPL3QB', 0, 'Mija') , (0, 'S-1-5-21-1662580254-4271704066-2701401304-1001') , N/A
"C:\Program Files (x86)\Immunity Inc\Immunity Debugger\ImmunityDebugger.exe"  , 20210512081051.380382-420 , C:\Program Files (x86)\Immunity Inc\Immunity Debugger\ImmunityDebugger.exe ,4184 , 7944 , ('DESKTOP-0UPL3QB', 0, 'Mija') , (0, 'S-1-5-21-1662580254-4271704066-2701401304-1001') , N/A
"C:\Program Files\WindowsApps\Microsoft.WindowsCalculator_10.2103.8.0_x64__8wekyb3d8bbwe\Calculator.exe" -ServerName:App.AppXsm3pg4n7er43kdh1qp4e79f1j7am68r8.mca , 20210512081100.025232-420 , C:\Program Files\WindowsApps\Microsoft.WindowsCalculator_10.2103.8.0_x64__8wekyb3d8bbwe\Calculator.exe ,776 , 8676 , ('DESKTOP-0UPL3QB', 0, 'Mija') , (0, 'S-1-5-21-1662580254-4271704066-2701401304-1001') , N/A
"C:\Windows\system32\notepad.exe"  , 20210512081217.603612-420 , C:\Windows\system32\notepad.exe ,4184 , 788 , ('DESKTOP-0UPL3QB', 0, 'Mija') , (0, 'S-1-5-21-1662580254-4271704066-2701401304-1001') , N/A
"C:\Windows\system32\notepad.exe"  , 20210512081227.979366-420 , C:\Windows\system32\notepad.exe ,4184 , 5308 , ('DESKTOP-0UPL3QB', 0, 'Mija') , (0, 'S-1-5-21-1662580254-4271704066-2701401304-1001') , N/A
"C:\Windows\SysWOW64\DllHost.exe" /Processid:{776DBC8D-7347-478C-8D71-791E12EF49D8} , 20210512081236.230116-420 , C:\Windows\SysWOW64\DllHost.exe ,776 , 6356 , ('DESKTOP-0UPL3QB', 0, 'Mija') , (0, 'S-1-5-21-1662580254-4271704066-2701401304-1001') , N/A
None , 20210512081236.539932-420 , None ,4636 , 6920 , (None, 2, None) , (2, None) , N/A
None , 20210512081236.858387-420 , None ,1984 , 8496 , (None, 2, None) , (2, None) , N/A
None , 20210512081238.187299-420 , None ,4184 , 7684 , ('DESKTOP-0UPL3QB', 0, 'Mija') , (0, 'S-1-5-21-1662580254-4271704066-2701401304-1001') , N/A
"C:\Windows\SysWOW64\DllHost.exe" /Processid:{776DBC8D-7347-478C-8D71-791E12EF49D8} , 20210512081311.303934-420 , C:\Windows\SysWOW64\DllHost.exe ,776 , 8808 , ('DESKTOP-0UPL3QB', 0, 'Mija') , (0, 'S-1-5-21-1662580254-4271704066-2701401304-1001') , N/A
None , 20210512081311.600973-420 , None ,4636 , 7172 , (None, 2, None) , (2, None) , N/A
None , 20210512081313.374659-420 , None ,4184 , 1800 , ('DESKTOP-0UPL3QB', 0, 'Mija') , (0, 'S-1-5-21-1662580254-4271704066-2701401304-1001') , N/A
None , 20210512081558.097173-420 , None ,652 , 4816 , (None, 2, None) , (2, None) , N/A
None , 20210512081649.406616-420 , None ,2340 , 2188 , (None, 2, None) , (2, None) , N/A
"C:\Windows\system32\backgroundTaskHost.exe" -ServerName:App.AppXxw3e32mpkfkfbh0tznpwwqfw96t0tfx6.mca , 20210512081717.544631-420 , C:\Windows\system32\backgroundTaskHost.exe ,776 , 4696 , ('DESKTOP-0UPL3QB', 0, 'Mija') , (0, 'S-1-5-21-1662580254-4271704066-2701401304-1001') , N/A
None , 20210512081723.706607-420 , None ,1168 , 4148 , ('DESKTOP-0UPL3QB', 0, 'Mija') , (0, 'S-1-5-21-1662580254-4271704066-2701401304-1001') , N/A
C:\Windows\system32\devicecensus.exe UserCxt , 20210512081723.602172-420 , C:\Windows\system32\devicecensus.exe ,1168 , 4164 , ('DESKTOP-0UPL3QB', 0, 'Mija') , (0, 'S-1-5-21-1662580254-4271704066-2701401304-1001') , N/A
None , 20210512081723.454507-420 , None ,1168 , 7032 , (None, 2, None) , (2, None) , N/A
None , 20210512081723.929348-420 , None ,776 , 7260 , (None, 2, None) , (2, None) , N/A
taskhostw.exe Install $(Arg0) , 20210512081723.517237-420 , C:\Windows\system32\taskhostw.exe ,1168 , 7292 , ('DESKTOP-0UPL3QB', 0, 'Mija') , (0, 'S-1-5-21-1662580254-4271704066-2701401304-1001') , N/A
None , 20210512081723.644285-420 , None ,1168 , 7596 , ('DESKTOP-0UPL3QB', 0, 'Mija') , (0, 'S-1-5-21-1662580254-4271704066-2701401304-1001') , N/A
None , 20210512081723.843691-420 , None ,652 , 8196 , (None, 2, None) , (2, None) , N/A
None , 20210512081723.683747-420 , None ,652 , 8216 , (None, 2, None) , (2, None) , N/A
None , 20210512081724.776378-420 , None ,1168 , 1048 , (None, 2, None) , (2, None) , N/A
None , 20210512081725.123283-420 , None ,1168 , 2128 , (None, 2, None) , (2, None) , N/A
None , 20210512081725.109064-420 , None ,1168 , 264 , (None, 2, None) , (2, None) , N/A
None , 20210512081725.007682-420 , None ,1168 , 2728 , (None, 2, None) , (2, None) , N/A
None , 20210512081724.820273-420 , None ,1168 , 3996 , (None, 2, None) , (2, None) , N/A
None , 20210512081725.132481-420 , None ,1168 , 4424 , (None, 2, None) , (2, None) , N/A
None , 20210512081724.639073-420 , None ,1168 , 4484 , (None, 2, None) , (2, None) , N/A
None , 20210512081725.019872-420 , None ,1168 , 4488 , (None, 2, None) , (2, None) , N/A
None , 20210512081725.001432-420 , None ,1168 , 5200 , (None, 2, None) , (2, None) , N/A
None , 20210512081724.893565-420 , None ,1168 , 5472 , (None, 2, None) , (2, None) , N/A
None , 20210512081724.662811-420 , None ,1168 , 5876 , (None, 2, None) , (2, None) , N/A
None , 20210512081724.793120-420 , None ,1168 , 5996 , (None, 2, None) , (2, None) , N/A
None , 20210512081725.138310-420 , None ,1168 , 7420 , (None, 2, None) , (2, None) , N/A
None , 20210512081724.936349-420 , None ,652 , 7588 , (None, 2, None) , (2, None) , N/A
None , 20210512081724.783848-420 , None ,1168 , 8584 , (None, 2, None) , (2, None) , N/A
None , 20210512081724.945576-420 , None ,1168 , 8908 , (None, 2, None) , (2, None) , N/A
None , 20210512081724.841306-420 , None ,1168 , 8964 , (None, 2, None) , (2, None) , N/A
None , 20210512081725.064434-420 , None ,1168 , 9168 , (None, 2, None) , (2, None) , N/A
None , 20210512081725.321659-420 , None ,2128 , 8748 , (None, 2, None) , (2, None) , N/A
None , 20210512081730.178769-420 , None ,1048 , 1032 , (None, 2, None) , (2, None) , N/A
None , 20210512081730.582655-420 , None ,7420 , 2064 , (None, 2, None) , (2, None) , N/A
None , 20210512081730.341209-420 , None ,4488 , 6020 , (None, 2, None) , (2, None) , N/A
None , 20210512081730.181808-420 , None ,5200 , 6588 , (None, 2, None) , (2, None) , N/A
None , 20210512081730.368398-420 , None ,264 , 6844 , (None, 2, None) , (2, None) , N/A
None , 20210512081730.381630-420 , None ,4424 , 8032 , (None, 2, None) , (2, None) , N/A
None , 20210512081730.166899-420 , None ,8908 , 8072 , (None, 2, None) , (2, None) , N/A
None , 20210512081730.356575-420 , None ,9168 , 8140 , (None, 2, None) , (2, None) , N/A
None , 20210512081730.706169-420 , None ,652 , 8480 , (None, 2, None) , (2, None) , N/A
None , 20210512081730.309205-420 , None ,5472 , 8612 , (None, 2, None) , (2, None) , N/A
None , 20210512081733.532506-420 , None ,4484 , 6432 , (None, 2, None) , (2, None) , N/A
None , 20210512081733.776473-420 , None ,4484 , 7388 , (None, 2, None) , (2, None) , N/A
None , 20210512081733.797149-420 , None ,652 , 7644 , (None, 2, None) , (2, None) , N/A
None , 20210512081734.807942-420 , None ,6432 , 6904 , (None, 2, None) , (2, None) , N/A
None , 20210512081735.810000-420 , None ,652 , 7468 , (None, 2, None) , (2, None) , N/A
None , 20210512081736.388143-420 , None ,652 , 8948 , (None, 2, None) , (2, None) , N/A
None , 20210512081740.839296-420 , None ,2128 , 1800 , (None, 2, None) , (2, None) , N/A
None , 20210512081744.059249-420 , None ,7388 , 5908 , (None, 2, None) , (2, None) , N/A
None , 20210512081747.694480-420 , None ,6432 , 7792 , (None, 2, None) , (2, None) , N/A
None , 20210512081752.613710-420 , None ,7388 , 8092 , (None, 2, None) , (2, None) , N/A
None , 20210512081802.217538-420 , None ,2128 , 7332 , (None, 2, None) , (2, None) , N/A
None , 20210512081813.949377-420 , None ,4148 , 7592 , ('DESKTOP-0UPL3QB', 0, 'Mija') , (0, 'S-1-5-21-1662580254-4271704066-2701401304-1001') , N/A
None , 20210512081817.387903-420 , None ,7388 , 8600 , (None, 2, None) , (2, None) , N/A
None , 20210512081829.144075-420 , None ,7792 , 5280 , (None, 2, None) , (2, None) , N/A
None , 20210512081830.511406-420 , None ,7792 , 888 , (None, 2, None) , (2, None) , N/A
None , 20210512081833.720682-420 , None ,7792 , 2380 , (None, 2, None) , (2, None) , N/A
None , 20210512081837.655606-420 , None ,7792 , 9064 , (None, 2, None) , (2, None) , N/A
None , 20210512081846.829853-420 , None ,7792 , 8824 , (None, 2, None) , (2, None) , N/A
None , 20210512081848.069612-420 , None ,7792 , 6608 , (None, 2, None) , (2, None) , N/A
None , 20210512081852.921532-420 , None ,7792 , 7016 , (None, 2, None) , (2, None) , N/A
None , 20210512081855.431948-420 , None ,7792 , 7572 , (None, 2, None) , (2, None) , N/A
None , 20210512081913.180839-420 , None ,7792 , 1928 , (None, 2, None) , (2, None) , N/A
None , 20210512081915.165462-420 , None ,7792 , 7988 , (None, 2, None) , (2, None) , N/A
None , 20210512081924.742073-420 , None ,7792 , 7368 , (None, 2, None) , (2, None) , N/A
"C:\Users\Mija\AppData\Local\Microsoft\OneDrive\21.052.0314.0001\FileCoAuth.exe" -Embedding , 20210512081927.455450-420 , None ,776 , 3808 , ('DESKTOP-0UPL3QB', 0, 'Mija') , (0, 'S-1-5-21-1662580254-4271704066-2701401304-1001') , N/A
None , 20210512081927.564236-420 , None ,7792 , 2140 , (None, 2, None) , (2, None) , N/A
None , 20210512081942.047579-420 , None ,7792 , 5952 , (None, 2, None) , (2, None) , N/A
None , 20210512081943.434266-420 , None ,7792 , 4444 , (None, 2, None) , (2, None) , N/A
None , 20210512081948.673754-420 , None ,7792 , 8352 , (None, 2, None) , (2, None) , N/A
None , 20210512081950.563666-420 , None ,7792 , 4672 , (None, 2, None) , (2, None) , N/A
None , 20210512081958.682466-420 , None ,7792 , 4124 , (None, 2, None) , (2, None) , N/A
None , 20210512081958.028325-420 , None ,7792 , 740 , (None, 2, None) , (2, None) , N/A
None , 20210512082003.570450-420 , None ,7792 , 9088 , (None, 2, None) , (2, None) , N/A
None , 20210512082005.984059-420 , None ,7792 , 7720 , (None, 2, None) , (2, None) , N/A
None , 20210512082027.961317-420 , None ,7792 , 8580 , (None, 2, None) , (2, None) , N/A
None , 20210512082029.473922-420 , None ,7792 , 8764 , (None, 2, None) , (2, None) , N/A
None , 20210512082030.503445-420 , None ,7792 , 6024 , (None, 2, None) , (2, None) , N/A
None , 20210512082030.999331-420 , None ,7792 , 9144 , (None, 2, None) , (2, None) , N/A
None , 20210512082039.095941-420 , None ,7792 , 2948 , (None, 2, None) , (2, None) , N/A
None , 20210512082042.654650-420 , None ,7792 , 2464 , (None, 2, None) , (2, None) , N/A
None , 20210512082048.729920-420 , None ,7792 , 7304 , (None, 2, None) , (2, None) , N/A
None , 20210512082051.437420-420 , None ,7792 , 5024 , (None, 2, None) , (2, None) , N/A
None , 20210512082053.060997-420 , None ,7792 , 9168 , (None, 2, None) , (2, None) , N/A
None , 20210512082057.438567-420 , None ,7792 , 8664 , (None, 2, None) , (2, None) , N/A
None , 20210512082058.429859-420 , None ,7792 , 9172 , (None, 2, None) , (2, None) , N/A
None , 20210512082059.399080-420 , None ,652 , 9128 , (None, 2, None) , (2, None) , N/A
None , 20210512082100.306651-420 , None ,776 , 7896 , (None, 2, None) , (2, None) , N/A
None , 20210512082104.632082-420 , None ,7792 , 7616 , (None, 2, None) , (2, None) , N/A
None , 20210512082105.460364-420 , None ,7792 , 7992 , (None, 2, None) , (2, None) , N/A
None , 20210512082108.488335-420 , None ,7792 , 2224 , (None, 2, None) , (2, None) , N/A
None , 20210512082110.255341-420 , None ,7792 , 1672 , (None, 2, None) , (2, None) , N/A
None , 20210512082118.630339-420 , None ,7792 , 3320 , (None, 2, None) , (2, None) , N/A
None , 20210512082124.150494-420 , None ,7792 , 5748 , (None, 2, None) , (2, None) , N/A
None , 20210512082140.437555-420 , None ,7792 , 6360 , (None, 2, None) , (2, None) , N/A
None , 20210512082141.473210-420 , None ,7792 , 8116 , (None, 2, None) , (2, None) , N/A
None , 20210512082144.092367-420 , None ,7792 , 9100 , (None, 2, None) , (2, None) , N/A
None , 20210512082144.946266-420 , None ,7792 , 3428 , (None, 2, None) , (2, None) , N/A
None , 20210512082148.029149-420 , None ,7792 , 8476 , (None, 2, None) , (2, None) , N/A
None , 20210512082149.461048-420 , None ,7792 , 6768 , (None, 2, None) , (2, None) , N/A
None , 20210512082150.404564-420 , None ,7792 , 7448 , (None, 2, None) , (2, None) , N/A
None , 20210512082153.453712-420 , None ,7792 , 1404 , (None, 2, None) , (2, None) , N/A
None , 20210512082204.580353-420 , None ,7792 , 3100 , (None, 2, None) , (2, None) , N/A
None , 20210512082206.274494-420 , None ,7792 , 4384 , (None, 2, None) , (2, None) , N/A
None , 20210512082213.067286-420 , None ,7792 , 3128 , (None, 2, None) , (2, None) , N/A
None , 20210512082217.814171-420 , None ,7792 , 7728 , (None, 2, None) , (2, None) , N/A
None , 20210512082222.516132-420 , None ,3108 , 3244 , (None, 2, None) , (2, None) , N/A
None , 20210512082256.691078-420 , None ,7792 , 1884 , (None, 2, None) , (2, None) , N/A
None , 20210512082307.215793-420 , None ,7792 , 8360 , (None, 2, None) , (2, None) , N/A
None , 20210512082351.423516-420 , None ,2340 , 6236 , (None, 2, None) , (2, None) , N/A
None , 20210512082357.513274-420 , None ,652 , 7112 , (None, 2, None) , (2, None) , N/A
None , 20210512082357.551815-420 , None ,7792 , 740 , (None, 2, None) , (2, None) , N/A
None , 20210512082359.187801-420 , None ,7792 , 3256 , (None, 2, None) , (2, None) , N/A
None , 20210512082418.042453-420 , None ,7792 , 5384 , (None, 2, None) , (2, None) , N/A
None , 20210512082420.891746-420 , None ,7792 , 8364 , (None, 2, None) , (2, None) , N/A
None , 20210512082429.968770-420 , None ,7792 , 3912 , (None, 2, None) , (2, None) , N/A
None , 20210512082430.632543-420 , None ,7792 , 8180 , (None, 2, None) , (2, None) , N/A
None , 20210512082436.052972-420 , None ,7792 , 2284 , (None, 2, None) , (2, None) , N/A
None , 20210512082439.261301-420 , None ,7792 , 2324 , (None, 2, None) , (2, None) , N/A
None , 20210512082439.498767-420 , None ,7792 , 6772 , (None, 2, None) , (2, None) , N/A
None , 20210512082440.560702-420 , None ,7792 , 8072 , (None, 2, None) , (2, None) , N/A
None , 20210512082440.989156-420 , None ,7792 , 7836 , (None, 2, None) , (2, None) , N/A
None , 20210512082443.667978-420 , None ,7792 , 3928 , (None, 2, None) , (2, None) , N/A
None , 20210512082444.945092-420 , None ,7792 , 2184 , (None, 2, None) , (2, None) , N/A
None , 20210512082451.873189-420 , None ,2340 , 3800 , (None, 2, None) , (2, None) , N/A
None , 20210512082454.731145-420 , None ,7792 , 7648 , (None, 2, None) , (2, None) , N/A
None , 20210512082455.211587-420 , None ,7792 , 6592 , (None, 2, None) , (2, None) , N/A
None , 20210512082458.045249-420 , None ,7792 , 6932 , (None, 2, None) , (2, None) , N/A
None , 20210512082458.981391-420 , None ,7792 , 7352 , (None, 2, None) , (2, None) , N/A
None , 20210512082500.067785-420 , None ,7792 , 8184 , (None, 2, None) , (2, None) , N/A
None , 20210512082500.937614-420 , None ,7792 , 9100 , (None, 2, None) , (2, None) , N/A
None , 20210512082502.004542-420 , None ,7792 , 2020 , (None, 2, None) , (2, None) , N/A
None , 20210512082503.231440-420 , None ,7792 , 4496 , (None, 2, None) , (2, None) , N/A
None , 20210512082504.274417-420 , None ,7792 , 300 , (None, 2, None) , (2, None) , N/A
None , 20210512082505.295883-420 , None ,7792 , 7716 , (None, 2, None) , (2, None) , N/A
None , 20210512082506.258005-420 , None ,7792 , 2532 , (None, 2, None) , (2, None) , N/A
None , 20210512082507.186022-420 , None ,7792 , 7172 , (None, 2, None) , (2, None) , N/A
None , 20210512082508.211173-420 , None ,7792 , 3028 , (None, 2, None) , (2, None) , N/A
None , 20210512082514.372462-420 , None ,7792 , 7684 , (None, 2, None) , (2, None) , N/A
None , 20210512082515.595510-420 , None ,7792 , 7428 , (None, 2, None) , (2, None) , N/A
None , 20210512082515.765821-420 , None ,7792 , 7696 , (None, 2, None) , (2, None) , N/A
None , 20210512082516.606380-420 , None ,7792 , 4752 , (None, 2, None) , (2, None) , N/A
None , 20210512082515.794383-420 , None ,652 , 8964 , (None, 2, None) , (2, None) , N/A
None , 20210512082517.654685-420 , None ,7792 , 4580 , (None, 2, None) , (2, None) , N/A
None , 20210512082518.374189-420 , None ,7792 , 3952 , (None, 2, None) , (2, None) , N/A
None , 20210512082522.309212-420 , None ,7792 , 3384 , (None, 2, None) , (2, None) , N/A
None , 20210512082524.924863-420 , None ,7792 , 8540 , (None, 2, None) , (2, None) , N/A
None , 20210512082525.887873-420 , None ,7792 , 8512 , (None, 2, None) , (2, None) , N/A
None , 20210512082526.880133-420 , None ,7792 , 6596 , (None, 2, None) , (2, None) , N/A
None , 20210512082527.988277-420 , None ,7792 , 6360 , (None, 2, None) , (2, None) , N/A
None , 20210512082529.001891-420 , None ,7792 , 2348 , (None, 2, None) , (2, None) , N/A
None , 20210512082529.083046-420 , None ,7792 , 5108 , (None, 2, None) , (2, None) , N/A
None , 20210512082530.116540-420 , None ,7792 , 6976 , (None, 2, None) , (2, None) , N/A
None , 20210512082531.106748-420 , None ,7792 , 8016 , (None, 2, None) , (2, None) , N/A
None , 20210512082532.120449-420 , None ,7792 , 272 , (None, 2, None) , (2, None) , N/A
None , 20210512082533.171465-420 , None ,7792 , 116 , (None, 2, None) , (2, None) , N/A
None , 20210512082534.911262-420 , None ,6432 , 3008 , (None, 2, None) , (2, None) , N/A
None , 20210512082535.185190-420 , None ,8600 , 7396 , (None, 2, None) , (2, None) , N/A
None , 20210512082535.820989-420 , None ,8600 , 908 , (None, 2, None) , (2, None) , N/A
None , 20210512082537.120296-420 , None ,8600 , 3616 , (None, 2, None) , (2, None) , N/A
None , 20210512082538.281626-420 , None ,8600 , 3980 , (None, 2, None) , (2, None) , N/A
None , 20210512082538.876224-420 , None ,8600 , 7160 , (None, 2, None) , (2, None) , N/A
None , 20210512082539.948238-420 , None ,8600 , 8968 , (None, 2, None) , (2, None) , N/A
None , 20210512082540.903448-420 , None ,8600 , 7564 , (None, 2, None) , (2, None) , N/A
None , 20210512082542.099656-420 , None ,8600 , 8152 , (None, 2, None) , (2, None) , N/A
None , 20210512082542.628464-420 , None ,8600 , 7156 , (None, 2, None) , (2, None) , N/A
None , 20210512082544.219567-420 , None ,8600 , 2348 , (None, 2, None) , (2, None) , N/A
None , 20210512082544.808863-420 , None ,8600 , 5476 , (None, 2, None) , (2, None) , N/A
None , 20210512082546.353344-420 , None ,8600 , 3240 , (None, 2, None) , (2, None) , N/A
None , 20210512082547.147355-420 , None ,8600 , 7152 , (None, 2, None) , (2, None) , N/A
None , 20210512082549.358957-420 , None ,8600 , 6500 , (None, 2, None) , (2, None) , N/A
None , 20210512082550.967541-420 , None ,8600 , 4068 , (None, 2, None) , (2, None) , N/A
None , 20210512082552.667178-420 , None ,8600 , 6528 , (None, 2, None) , (2, None) , N/A
None , 20210512082553.655937-420 , None ,8600 , 2660 , (None, 2, None) , (2, None) , N/A
None , 20210512082554.651024-420 , None ,8600 , 9028 , (None, 2, None) , (2, None) , N/A
None , 20210512082555.620542-420 , None ,8600 , 7036 , (None, 2, None) , (2, None) , N/A
None , 20210512082556.615746-420 , None ,8600 , 7392 , (None, 2, None) , (2, None) , N/A
None , 20210512082557.779700-420 , None ,8600 , 8928 , (None, 2, None) , (2, None) , N/A
None , 20210512082558.764907-420 , None ,8600 , 1864 , (None, 2, None) , (2, None) , N/A
None , 20210512082559.811106-420 , None ,8600 , 8328 , (None, 2, None) , (2, None) , N/A
None , 20210512082601.773039-420 , None ,8600 , 3076 , (None, 2, None) , (2, None) , N/A
None , 20210512082602.497787-420 , None ,8600 , 7016 , (None, 2, None) , (2, None) , N/A
None , 20210512082603.839317-420 , None ,8600 , 4372 , (None, 2, None) , (2, None) , N/A
None , 20210512082604.864536-420 , None ,8600 , 1344 , (None, 2, None) , (2, None) , N/A
None , 20210512082604.773672-420 , None ,8600 , 968 , (None, 2, None) , (2, None) , N/A
None , 20210512082605.918776-420 , None ,8600 , 8144 , (None, 2, None) , (2, None) , N/A
None , 20210512082606.927527-420 , None ,8600 , 5956 , (None, 2, None) , (2, None) , N/A
None , 20210512082607.944988-420 , None ,8600 , 1052 , (None, 2, None) , (2, None) , N/A
None , 20210512082608.865946-420 , None ,6432 , 640 , (None, 2, None) , (2, None) , N/A
None , 20210512082609.036135-420 , None ,7388 , 7840 , (None, 2, None) , (2, None) , N/A
None , 20210512082608.921966-420 , None ,640 , 8840 , (None, 2, None) , (2, None) , N/A
None , 20210512082609.960158-420 , None ,6432 , 2284 , (None, 2, None) , (2, None) , N/A
None , 20210512082609.997696-420 , None ,2284 , 6076 , (None, 2, None) , (2, None) , N/A
None , 20210512082610.309473-420 , None ,2284 , 4696 , (None, 2, None) , (2, None) , N/A
None , 20210512082612.742465-420 , None ,4884 , 1872 , (None, 2, None) , (2, None) , N/A
\??\C:\Windows\system32\conhost.exe 0x4 , 20210512082612.811309-420 , C:\Windows\system32\conhost.exe ,6468 , 2140 , ('DESKTOP-0UPL3QB', 0, 'Mija') , (0, 'S-1-5-21-1662580254-4271704066-2701401304-1001') , N/A
None , 20210512082612.171875-420 , None ,6432 , 4884 , (None, 2, None) , (2, None) , N/A
"C:\Windows\Microsoft.NET\Framework\v4.0.30319\NGenTask.exe" /StopEvent:1400 , 20210512082612.760707-420 , C:\Windows\Microsoft.NET\Framework\v4.0.30319\NGenTask.exe ,7388 , 6468 , ('DESKTOP-0UPL3QB', 0, 'Mija') , (0, 'S-1-5-21-1662580254-4271704066-2701401304-1001') , N/A
None , 20210512082614.181782-420 , None ,6432 , 6344 , (None, 2, None) , (2, None) , N/A
None , 20210512082615.213881-420 , None ,8888 , 1104 , (None, 2, None) , (2, None) , N/A
None , 20210512082615.174882-420 , None ,6432 , 8888 , (None, 2, None) , (2, None) , N/A
None , 20210512082616.190524-420 , None ,6560 , 4372 , (None, 2, None) , (2, None) , N/A
None , 20210512082616.150053-420 , None ,6432 , 6560 , (None, 2, None) , (2, None) , N/A
None , 20210512082617.247842-420 , None ,6432 , 5108 , (None, 2, None) , (2, None) , N/A
None , 20210512082617.285536-420 , None ,5108 , 7192 , (None, 2, None) , (2, None) , N/A
None , 20210512082618.630656-420 , None ,652 , 3204 , (None, 2, None) , (2, None) , N/A
None , 20210512082725.046299-420 , None ,1700 , 2720 , (None, 2, None) , (2, None) , N/A
None , 20210512082725.062824-420 , None ,2720 , 5924 , (None, 2, None) , (2, None) , N/A
None , 20210512082745.410621-420 , None ,1168 , 4080 , (None, 2, None) , (2, None) , N/A
None , 20210512082745.420300-420 , None ,4080 , 4704 , (None, 2, None) , (2, None) , N/A
None , 20210512082745.588681-420 , None ,652 , 860 , (None, 2, None) , (2, None) , N/A
None , 20210512082745.682187-420 , None ,652 , 268 , (None, 2, None) , (2, None) , N/A
None , 20210512082747.104847-420 , None ,6312 , 2440 , ('DESKTOP-0UPL3QB', 0, 'Mija') , (0, 'S-1-5-21-1662580254-4271704066-2701401304-1001') , N/A
None , 20210512082747.030451-420 , None ,1168 , 6312 , ('DESKTOP-0UPL3QB', 0, 'Mija') , (0, 'S-1-5-21-1662580254-4271704066-2701401304-1001') , N/A
None , 20210512082747.175665-420 , None ,2440 , 912 , ('DESKTOP-0UPL3QB', 0, 'Mija') , (0, 'S-1-5-21-1662580254-4271704066-2701401304-1001') , N/A
None , 20210512082754.655240-420 , None ,1168 , 4932 , (None, 2, None) , (2, None) , N/A
None , 20210512082855.572841-420 , None ,776 , 4148 , (None, 2, None) , (2, None) , N/A
"C:\Users\Mija\AppData\Local\Microsoft\OneDrive\21.052.0314.0001\FileCoAuth.exe" -Embedding , 20210512082927.543145-420 , C:\Users\Mija\AppData\Local\Microsoft\OneDrive\21.052.0314.0001\FileCoAuth.exe ,776 , 7304 , ('DESKTOP-0UPL3QB', 0, 'Mija') , (0, 'S-1-5-21-1662580254-4271704066-2701401304-1001') , N/A
None , 20210512083423.133182-420 , None ,652 , 6560 , (None, 2, None) , (2, None) , N/A
None , 20210512083423.169686-420 , None ,776 , 7988 , (None, 2, None) , (2, None) , N/A
None , 20210512083423.057025-420 , None ,652 , 8468 , (None, 2, None) , (2, None) , N/A
"C:\Users\Mija\AppData\Local\Microsoft\OneDrive\21.052.0314.0001\FileCoAuth.exe" -Embedding , 20210512083927.602222-420 , C:\Users\Mija\AppData\Local\Microsoft\OneDrive\21.052.0314.0001\FileCoAuth.exe ,776 , 4752 , ('DESKTOP-0UPL3QB', 0, 'Mija') , (0, 'S-1-5-21-1662580254-4271704066-2701401304-1001') , N/A
"C:\Users\Mija\AppData\Local\Microsoft\OneDrive\21.052.0314.0001\FileCoAuth.exe" -Embedding , 20210512084927.758584-420 , C:\Users\Mija\AppData\Local\Microsoft\OneDrive\21.052.0314.0001\FileCoAuth.exe ,776 , 9044 , ('DESKTOP-0UPL3QB', 0, 'Mija') , (0, 'S-1-5-21-1662580254-4271704066-2701401304-1001') , N/A
"C:\Users\Mija\AppData\Local\Microsoft\OneDrive\21.052.0314.0001\FileCoAuth.exe" -Embedding , 20210512085927.783134-420 , C:\Users\Mija\AppData\Local\Microsoft\OneDrive\21.052.0314.0001\FileCoAuth.exe ,776 , 9192 , ('DESKTOP-0UPL3QB', 0, 'Mija') , (0, 'S-1-5-21-1662580254-4271704066-2701401304-1001') , N/A
None , 20210512090300.582050-420 , None ,2340 , 5156 , (None, 2, None) , (2, None) , N/A
None , 20210512090501.551975-420 , None ,2340 , 6116 , (None, 2, None) , (2, None) , N/A
None , 20210512090503.614304-420 , None ,652 , 1020 , (None, 2, None) , (2, None) , N/A
None , 20210512090503.455670-420 , None ,652 , 8468 , (None, 2, None) , (2, None) , N/A
None , 20210512090503.840805-420 , None ,652 , 8768 , (None, 2, None) , (2, None) , N/A
"C:\Program Files\WindowsApps\microsoft.windowscommunicationsapps_16005.13426.20920.0_x64__8wekyb3d8bbwe\HxTsr.exe" -ServerName:Hx.IPC.Server , 20210512090504.256073-420 , C:\Program Files\WindowsApps\microsoft.windowscommunicationsapps_16005.13426.20920.0_x64__8wekyb3d8bbwe\HxTsr.exe ,776 , 5672 , ('DESKTOP-0UPL3QB', 0, 'Mija') , (0, 'S-1-5-21-1662580254-4271704066-2701401304-1001') , N/A
C:\Windows\System32\RuntimeBroker.exe -Embedding , 20210512090505.188605-420 , C:\Windows\System32\RuntimeBroker.exe ,776 , 5952 , ('DESKTOP-0UPL3QB', 0, 'Mija') , (0, 'S-1-5-21-1662580254-4271704066-2701401304-1001') , N/A
CommandLine, Time, Executable, Parent PID, PID, User, SID, Privileges
None , 20210512092902.656106-420 , None ,652 , 8532 , (None, 2, None) , (2, None) , N/A
"C:\Windows\system32\notepad.exe"  , 20210512092903.790966-420 , C:\Windows\system32\notepad.exe ,4184 , 2472 , ('DESKTOP-0UPL3QB', 0, 'Mija') , (0, 'S-1-5-21-1662580254-4271704066-2701401304-1001') , SeChangeNotifyPrivilege|
C:\Windows\System32\smartscreen.exe -Embedding , 20210512092903.656696-420 , C:\Windows\System32\smartscreen.exe ,776 , 7520 , ('DESKTOP-0UPL3QB', 0, 'Mija') , (0, 'S-1-5-21-1662580254-4271704066-2701401304-1001') , SeChangeNotifyPrivilege|
"C:\Users\Mija\AppData\Local\Microsoft\OneDrive\21.052.0314.0001\FileCoAuth.exe" -Embedding , 20210512092927.984118-420 , None ,776 , 3912 , ('DESKTOP-0UPL3QB', 0, 'Mija') , (0, 'S-1-5-21-1662580254-4271704066-2701401304-1001') , SeChangeNotifyPrivilege|
"C:\Windows\SysWOW64\DllHost.exe" /Processid:{776DBC8D-7347-478C-8D71-791E12EF49D8} , 20210512092935.271158-420 , C:\Windows\SysWOW64\DllHost.exe ,776 , 8760 , ('DESKTOP-0UPL3QB', 0, 'Mija') , (0, 'S-1-5-21-1662580254-4271704066-2701401304-1001') , SeChangeNotifyPrivilege|
None , 20210512092935.990229-420 , None ,1984 , 6748 , (None, 2, None) , (2, None) , N/A
None , 20210512092935.614279-420 , None ,4636 , 9128 , (None, 2, None) , (2, None) , N/A
None , 20210512092937.589697-420 , None ,4184 , 6740 , ('DESKTOP-0UPL3QB', 0, 'Mija') , (0, 'S-1-5-21-1662580254-4271704066-2701401304-1001') , N/A
None , 20210512093058.309179-420 , None ,652 , 6156 , (None, 2, None) , (2, None) , N/A
CommandLine, Time, Executable, Parent PID, PID, User, SID, Privileges
vulnerable_service.exe  start , 20210512093538.771732-420 , C:\Users\Mija\Documents\BlackHatPython2\Network-Pen-Test-Tools\Priv-Esc\dist\vulnerable_service.exe ,6236 , 1032 , ('DESKTOP-0UPL3QB', 0, 'Mija') , (0, 'S-1-5-21-1662580254-4271704066-2701401304-1001') , SeChangeNotifyPrivilege|
vulnerable_service.exe  start , 20210512093538.450093-420 , C:\Users\Mija\Documents\BlackHatPython2\Network-Pen-Test-Tools\Priv-Esc\dist\vulnerable_service.exe ,1204 , 6236 , ('DESKTOP-0UPL3QB', 0, 'Mija') , (0, 'S-1-5-21-1662580254-4271704066-2701401304-1001') , SeChangeNotifyPrivilege|
"C:\Windows\SysWOW64\DllHost.exe" /Processid:{776DBC8D-7347-478C-8D71-791E12EF49D8} , 20210512093621.961995-420 , C:\Windows\SysWOW64\DllHost.exe ,776 , 1388 , ('DESKTOP-0UPL3QB', 0, 'Mija') , (0, 'S-1-5-21-1662580254-4271704066-2701401304-1001') , SeChangeNotifyPrivilege|
"C:\Windows\SysWOW64\DllHost.exe" /Processid:{776DBC8D-7347-478C-8D71-791E12EF49D8} , 20210512093629.260425-420 , C:\Windows\SysWOW64\DllHost.exe ,776 , 1184 , ('DESKTOP-0UPL3QB', 0, 'Mija') , (0, 'S-1-5-21-1662580254-4271704066-2701401304-1001') , SeChangeNotifyPrivilege|
None , 20210512093629.548308-420 , None ,4636 , 8792 , (None, 2, None) , (2, None) , N/A
None , 20210512093631.480167-420 , None ,4184 , 3372 , ('DESKTOP-0UPL3QB', 0, 'Mija') , (0, 'S-1-5-21-1662580254-4271704066-2701401304-1001') , N/A
None , 20210512093631.501037-420 , None ,3372 , 4940 , ('DESKTOP-0UPL3QB', 0, 'Mija') , (0, 'S-1-5-21-1662580254-4271704066-2701401304-1001') , N/A
None , 20210512093717.607645-420 , None ,5624 , 1708 , (None, 2, None) , (2, None) , N/A
None , 20210512093717.581362-420 , None ,9068 , 5624 , (None, 2, None) , (2, None) , N/A
None , 20210512093717.361003-420 , None ,652 , 9068 , (None, 2, None) , (2, None) , N/A
CommandLine, Time, Executable, Parent PID, PID, User, SID, Privileges
vulnerable_service.exe  start , 20210512093936.705642-420 , c:\Users\Mija\Documents\BlackHatPython2\Network-Pen-Test-Tools\Priv-Esc\dist\vulnerable_service.exe ,7644 , 4144 , ('DESKTOP-0UPL3QB', 0, 'Mija') , (0, 'S-1-5-21-1662580254-4271704066-2701401304-1001') , SeChangeNotifyPrivilege |SeImpersonatePrivilege |SeCreateGlobalPrivilege |
vulnerable_service.exe  start , 20210512093936.403288-420 , c:\Users\Mija\Documents\BlackHatPython2\Network-Pen-Test-Tools\Priv-Esc\dist\vulnerable_service.exe ,3372 , 7644 , ('DESKTOP-0UPL3QB', 0, 'Mija') , (0, 'S-1-5-21-1662580254-4271704066-2701401304-1001') , SeChangeNotifyPrivilege |SeImpersonatePrivilege |SeCreateGlobalPrivilege |
"C:\Users\Mija\Documents\BlackHatPython2\Network-Pen-Test-Tools\Priv-Esc\dist\vulnerable_service.exe" , 20210512093937.377552-420 , C:\Users\Mija\Documents\BlackHatPython2\Network-Pen-Test-Tools\Priv-Esc\dist\vulnerable_service.exe ,7452 , 272 , ('NT AUTHORITY', 0, 'SYSTEM') , (0, 'S-1-5-18') , N/A
\??\C:\Windows\system32\conhost.exe 0x4 , 20210512093937.391917-420 , C:\Windows\system32\conhost.exe ,272 , 4976 , ('NT AUTHORITY', 0, 'SYSTEM') , (0, 'S-1-5-18') , N/A
"C:\Users\Mija\Documents\BlackHatPython2\Network-Pen-Test-Tools\Priv-Esc\dist\vulnerable_service.exe" , 20210512093937.103607-420 , C:\Users\Mija\Documents\BlackHatPython2\Network-Pen-Test-Tools\Priv-Esc\dist\vulnerable_service.exe ,652 , 7452 , ('NT AUTHORITY', 0, 'SYSTEM') , (0, 'S-1-5-18') , N/A
"C:\Windows\system32\backgroundTaskHost.exe" -ServerName:App.AppXmtcan0h2tfbfy7k9kn8hbxb6dmzz1zh0.mca , 20210512093954.169150-420 , C:\Windows\system32\backgroundTaskHost.exe ,776 , 5964 , ('DESKTOP-0UPL3QB', 0, 'Mija') , (0, 'S-1-5-21-1662580254-4271704066-2701401304-1001') , SeChangeNotifyPrivilege |
C:\Windows\System32\RuntimeBroker.exe -Embedding , 20210512093954.362608-420 , C:\Windows\System32\RuntimeBroker.exe ,776 , 7872 , ('DESKTOP-0UPL3QB', 0, 'Mija') , (0, 'S-1-5-21-1662580254-4271704066-2701401304-1001') , SeChangeNotifyPrivilege |
"C:\Windows\system32\backgroundTaskHost.exe" -ServerName:App.AppXmtcan0h2tfbfy7k9kn8hbxb6dmzz1zh0.mca , 20210512094035.223843-420 , C:\Windows\system32\backgroundTaskHost.exe ,776 , 7968 , ('DESKTOP-0UPL3QB', 0, 'Mija') , (0, 'S-1-5-21-1662580254-4271704066-2701401304-1001') , SeChangeNotifyPrivilege |
C:\Windows\System32\RuntimeBroker.exe -Embedding , 20210512094035.387495-420 , C:\Windows\System32\RuntimeBroker.exe ,776 , 8536 , ('DESKTOP-0UPL3QB', 0, 'Mija') , (0, 'S-1-5-21-1662580254-4271704066-2701401304-1001') , SeChangeNotifyPrivilege |
vulnerable_service.exe  stop , 20210512094104.414971-420 , c:\Users\Mija\Documents\BlackHatPython2\Network-Pen-Test-Tools\Priv-Esc\dist\vulnerable_service.exe ,9192 , 4540 , ('DESKTOP-0UPL3QB', 0, 'Mija') , (0, 'S-1-5-21-1662580254-4271704066-2701401304-1001') , SeChangeNotifyPrivilege |SeImpersonatePrivilege |SeCreateGlobalPrivilege |
C:\Windows\System32\svchost.exe -k netsvcs -p -s BITS , 20210512094118.616632-420 , C:\Windows\System32\svchost.exe ,652 , 5628 , ('NT AUTHORITY', 0, 'SYSTEM') , (0, 'S-1-5-18') , N/A
C:\Users\Mija\AppData\Local\Microsoft\OneDrive\OneDriveStandaloneUpdater.exe , 20210512094118.396368-420 , C:\Users\Mija\AppData\Local\Microsoft\OneDrive\OneDriveStandaloneUpdater.exe ,1168 , 6832 , ('DESKTOP-0UPL3QB', 0, 'Mija') , (0, 'S-1-5-21-1662580254-4271704066-2701401304-1001') , SeChangeNotifyPrivilege |
"c:\users\mija\appdata\local\programs\python\python39\python.exe"  "C:\Users\Mija\AppData\Local\Programs\Python\Python39\Scripts\pyinstaller.exe" -F --hidenimport win32timezone bhservice.py , 20210512094159.671930-420 , c:\users\mija\appdata\local\programs\python\python39\python.exe ,6856 , 2020 , ('DESKTOP-0UPL3QB', 0, 'Mija') , (0, 'S-1-5-21-1662580254-4271704066-2701401304-1001') , SeChangeNotifyPrivilege |SeImpersonatePrivilege |SeCreateGlobalPrivilege |
pyinstaller  -F --hidenimport win32timezone bhservice.py , 20210512094159.661201-420 , C:\Users\Mija\AppData\Local\Programs\Python\Python39\Scripts\pyinstaller.exe ,3372 , 6856 , ('DESKTOP-0UPL3QB', 0, 'Mija') , (0, 'S-1-5-21-1662580254-4271704066-2701401304-1001') , SeChangeNotifyPrivilege |SeImpersonatePrivilege |SeCreateGlobalPrivilege |
"c:\users\mija\appdata\local\programs\python\python39\python.exe"  "C:\Users\Mija\AppData\Local\Programs\Python\Python39\Scripts\pyinstaller.exe" -F --hiddenimport win32timezone bhservice.py , 20210512094213.981252-420 , c:\users\mija\appdata\local\programs\python\python39\python.exe ,6348 , 2060 , ('DESKTOP-0UPL3QB', 0, 'Mija') , (0, 'S-1-5-21-1662580254-4271704066-2701401304-1001') , SeChangeNotifyPrivilege |SeImpersonatePrivilege |SeCreateGlobalPrivilege |
pyinstaller  -F --hiddenimport win32timezone bhservice.py , 20210512094213.971507-420 , C:\Users\Mija\AppData\Local\Programs\Python\Python39\Scripts\pyinstaller.exe ,3372 , 6348 , ('DESKTOP-0UPL3QB', 0, 'Mija') , (0, 'S-1-5-21-1662580254-4271704066-2701401304-1001') , SeChangeNotifyPrivilege |SeImpersonatePrivilege |SeCreateGlobalPrivilege |
"C:\Windows\system32\SearchProtocolHost.exe" Global\UsGthrFltPipeMssGthrPipe27_ Global\UsGthrCtrlFltPipeMssGthrPipe27 1 -2147483646 "Software\Microsoft\Windows Search" "Mozilla/4.0 (compatible; MSIE 6.0; Windows NT; MS Search 4.0 Robot)" "C:\ProgramData\Microsoft\Search\Data\Temp\usgthrsvc" "DownLevelDaemon"  , 20210512094215.511273-420 , C:\Windows\system32\SearchProtocolHost.exe ,4404 , 6400 , ('NT AUTHORITY', 0, 'SYSTEM') , (0, 'S-1-5-18') , N/A
"C:\Windows\system32\SearchFilterHost.exe" 0 800 804 812 8192 808 784  , 20210512094215.543211-420 , C:\Windows\system32\SearchFilterHost.exe ,4404 , 7224 , ('NT AUTHORITY', 0, 'SYSTEM') , (0, 'S-1-5-18') , SeChangeNotifyPrivilege |
"C:\ProgramData\Microsoft\Windows Defender\Platform\4.18.2103.7-0\MpCmdRun.exe" SampleHeaderService -HighPriority -RestrictPrivileges -AccessKey DE4926CE-721C-BF72-59D0-F4208E679EFD -Reinvoke , 20210512094236.054711-420 , C:\ProgramData\Microsoft\Windows Defender\Platform\4.18.2103.7-0\MpCmdRun.exe ,4804 , 4384 , ('NT AUTHORITY', 0, 'NETWORK SERVICE') , (0, 'S-1-5-20') , N/A
bhservice.exe  start , 20210512094258.488497-420 , c:\Users\Mija\Documents\BlackHatPython2\Chapter10\bhservice\dist\bhservice.exe ,3372 , 8464 , ('DESKTOP-0UPL3QB', 0, 'Mija') , (0, 'S-1-5-21-1662580254-4271704066-2701401304-1001') , SeChangeNotifyPrivilege |SeImpersonatePrivilege |SeCreateGlobalPrivilege |
"C:\Windows\system32\SearchFilterHost.exe" 0 800 804 812 8192 808 784  , 20210512094459.716234-420 , C:\Windows\system32\SearchFilterHost.exe ,4404 , 4376 , ('NT AUTHORITY', 0, 'SYSTEM') , (0, 'S-1-5-18') , SeChangeNotifyPrivilege |
"C:\Windows\system32\SearchProtocolHost.exe" Global\UsGthrFltPipeMssGthrPipe28_ Global\UsGthrCtrlFltPipeMssGthrPipe28 1 -2147483646 "Software\Microsoft\Windows Search" "Mozilla/4.0 (compatible; MSIE 6.0; Windows NT; MS Search 4.0 Robot)" "C:\ProgramData\Microsoft\Search\Data\Temp\usgthrsvc" "DownLevelDaemon"  , 20210512094459.691072-420 , C:\Windows\system32\SearchProtocolHost.exe ,4404 , 6428 , ('NT AUTHORITY', 0, 'SYSTEM') , (0, 'S-1-5-18') , N/A
bhservice.exe  stop , 20210512094525.098512-420 , c:\Users\Mija\Documents\BlackHatPython2\Chapter10\bhservice\dist\bhservice.exe ,3372 , 8240 , ('DESKTOP-0UPL3QB', 0, 'Mija') , (0, 'S-1-5-21-1662580254-4271704066-2701401304-1001') , SeChangeNotifyPrivilege |SeImpersonatePrivilege |SeCreateGlobalPrivilege |
bhservice.exe  start , 20210512094530.416312-420 , c:\Users\Mija\Documents\BlackHatPython2\Chapter10\bhservice\dist\bhservice.exe ,8596 , 3532 , ('DESKTOP-0UPL3QB', 0, 'Mija') , (0, 'S-1-5-21-1662580254-4271704066-2701401304-1001') , SeChangeNotifyPrivilege |SeImpersonatePrivilege |SeCreateGlobalPrivilege |
bhservice.exe  start , 20210512094530.219094-420 , c:\Users\Mija\Documents\BlackHatPython2\Chapter10\bhservice\dist\bhservice.exe ,3372 , 8596 , ('DESKTOP-0UPL3QB', 0, 'Mija') , (0, 'S-1-5-21-1662580254-4271704066-2701401304-1001') , SeChangeNotifyPrivilege |SeImpersonatePrivilege |SeCreateGlobalPrivilege |
bhservice.exe  start , 20210512094551.298598-420 , c:\Users\Mija\Documents\BlackHatPython2\Chapter10\bhservice\dist\bhservice.exe ,3372 , 5504 , ('DESKTOP-0UPL3QB', 0, 'Mija') , (0, 'S-1-5-21-1662580254-4271704066-2701401304-1001') , SeChangeNotifyPrivilege |SeImpersonatePrivilege |SeCreateGlobalPrivilege |
bhservice.exe  start , 20210512094612.697364-420 , c:\Users\Mija\Documents\BlackHatPython2\Chapter10\bhservice\dist\bhservice.exe ,3372 , 1460 , ('DESKTOP-0UPL3QB', 0, 'Mija') , (0, 'S-1-5-21-1662580254-4271704066-2701401304-1001') , SeChangeNotifyPrivilege |SeImpersonatePrivilege |SeCreateGlobalPrivilege |
\??\C:\Windows\system32\conhost.exe 0x4 , 20210512094613.507280-420 , C:\Windows\system32\conhost.exe ,7936 , 1852 , ('NT AUTHORITY', 0, 'SYSTEM') , (0, 'S-1-5-18') , N/A
"c:\Users\Mija\Documents\BlackHatPython2\Chapter10\bhservice\dist\bhservice.exe" , 20210512094613.262487-420 , c:\Users\Mija\Documents\BlackHatPython2\Chapter10\bhservice\dist\bhservice.exe ,652 , 292 , ('NT AUTHORITY', 0, 'SYSTEM') , (0, 'S-1-5-18') , N/A
"c:\Users\Mija\Documents\BlackHatPython2\Chapter10\bhservice\dist\bhservice.exe" , 20210512094613.480108-420 , c:\Users\Mija\Documents\BlackHatPython2\Chapter10\bhservice\dist\bhservice.exe ,292 , 7936 , ('NT AUTHORITY', 0, 'SYSTEM') , (0, 'S-1-5-18') , N/A
"C:\Users\Mija\AppData\Local\Microsoft\OneDrive\21.052.0314.0001\FileCoAuth.exe" -Embedding , 20210512094927.949577-420 , C:\Users\Mija\AppData\Local\Microsoft\OneDrive\21.052.0314.0001\FileCoAuth.exe ,776 , 7536 , ('DESKTOP-0UPL3QB', 0, 'Mija') , (0, 'S-1-5-21-1662580254-4271704066-2701401304-1001') , SeChangeNotifyPrivilege |
bhservice.exe  start , 20210512094946.167904-420 , c:\Users\Mija\Documents\BlackHatPython2\Chapter10\bhservice\dist\bhservice.exe ,8640 , 2348 , ('DESKTOP-0UPL3QB', 0, 'Mija') , (0, 'S-1-5-21-1662580254-4271704066-2701401304-1001') , SeChangeNotifyPrivilege |SeImpersonatePrivilege |SeCreateGlobalPrivilege |
\??\C:\Windows\system32\conhost.exe 0x4 , 20210512094946.730422-420 , C:\Windows\system32\conhost.exe ,5872 , 3256 , ('NT AUTHORITY', 0, 'SYSTEM') , (0, 'S-1-5-18') , N/A
"c:\Users\Mija\Documents\BlackHatPython2\Chapter10\bhservice\dist\bhservice.exe" , 20210512094946.706985-420 , c:\Users\Mija\Documents\BlackHatPython2\Chapter10\bhservice\dist\bhservice.exe ,9160 , 5872 , ('NT AUTHORITY', 0, 'SYSTEM') , (0, 'S-1-5-18') , N/A
"c:\Users\Mija\Documents\BlackHatPython2\Chapter10\bhservice\dist\bhservice.exe" , 20210512094946.503914-420 , c:\Users\Mija\Documents\BlackHatPython2\Chapter10\bhservice\dist\bhservice.exe ,652 , 9160 , ('NT AUTHORITY', 0, 'SYSTEM') , (0, 'S-1-5-18') , N/A
"C:\Users\Mija\AppData\Local\Programs\Visual Studio Code\bin\..\Code.exe"  "C:\Users\Mija\AppData\Local\Programs\Visual Studio Code\bin\..\resources\app\out\cli.js" bhservice_task.vbs , 20210512095255.925263-420 , C:\Users\Mija\AppData\Local\Programs\Visual Studio Code\Code.exe ,3372 , 2264 , ('DESKTOP-0UPL3QB', 0, 'Mija') , (0, 'S-1-5-21-1662580254-4271704066-2701401304-1001') , SeChangeNotifyPrivilege |SeImpersonatePrivilege |SeCreateGlobalPrivilege |
"C:\Users\Mija\AppData\Local\Programs\Visual Studio Code\Code.exe" --type=crashpad-handler --user-data-dir=C:\Users\Mija\AppData\Roaming\Code /prefetch:7 --no-rate-limit --monitor-self-annotation=ptype=crashpad-handler --database=C:\Users\Mija\AppData\Roaming\Code\Crashpad --url=appcenter://code?aid=a4e3233c-699c-46ec-b4f4-9c2a77254662&uid=432e1fe1-fcff-4209-8276-9ce444a89648&iid=432e1fe1-fcff-4209-8276-9ce444a89648&sid=432e1fe1-fcff-4209-8276-9ce444a89648 --annotation=_companyName=Microsoft --annotation=_productName=VSCode --annotation=_version=1.56.1 --annotation=prod=Electron --annotation=ver=12.0.4 --initial-client-data=0x410,0x414,0x418,0x3e8,0x41c,0x7ff61d264e90,0x7ff61d264ea0,0x7ff61d264eb0 , 20210512095256.449342-420 , C:\Users\Mija\AppData\Local\Programs\Visual Studio Code\Code.exe ,872 , 5268 , ('DESKTOP-0UPL3QB', 0, 'Mija') , (0, 'S-1-5-21-1662580254-4271704066-2701401304-1001') , SeChangeNotifyPrivilege |SeImpersonatePrivilege |SeCreateGlobalPrivilege |
"C:\Users\Mija\AppData\Local\Programs\Visual Studio Code\Code.exe" --type=utility --utility-sub-type=network.mojom.NetworkService --field-trial-handle=1604,6053777237197649480,2579428812847459903,131072 --enable-features=WebComponentsV0Enabled --disable-features=CertVerifierService,CookiesWithoutSameSiteMustBeSecure,SameSiteByDefaultCookies,SpareRendererForSitePerProcess --lang=en-US --service-sandbox-type=network --standard-schemes=vscode-webview,vscode-file --secure-schemes=vscode-webview,vscode-file --bypasscsp-schemes --cors-schemes=vscode-webview,vscode-file --fetch-schemes=vscode-webview,vscode-file --service-worker-schemes=vscode-webview --streaming-schemes --mojo-platform-channel-handle=2124 /prefetch:8 , 20210512095256.771774-420 , C:\Users\Mija\AppData\Local\Programs\Visual Studio Code\Code.exe ,872 , 5380 , ('DESKTOP-0UPL3QB', 0, 'Mija') , (0, 'S-1-5-21-1662580254-4271704066-2701401304-1001') , SeChangeNotifyPrivilege |SeImpersonatePrivilege |SeCreateGlobalPrivilege |
"C:\Users\Mija\AppData\Local\Programs\Visual Studio Code\Code.exe" --type=gpu-process --field-trial-handle=1604,6053777237197649480,2579428812847459903,131072 --enable-features=WebComponentsV0Enabled --disable-features=CertVerifierService,CookiesWithoutSameSiteMustBeSecure,SameSiteByDefaultCookies,SpareRendererForSitePerProcess --disable-color-correct-rendering --gpu-preferences=SAAAAAAAAADgAAAwAAAAAAAAAAAAAAAAAABgAAAAAAAoAAAAAAAAAAAAAAAAAAAAAAAAAAAAAAB4AAAAAAAAAHgAAAAAAAAAKAAAAAQAAAAgAAAAAAAAACgAAAAAAAAAMAAAAAAAAAA4AAAAAAAAABAAAAAAAAAAAAAAAAUAAAAQAAAAAAAAAAAAAAAGAAAAEAAAAAAAAAABAAAABQAAABAAAAAAAAAAAQAAAAYAAAAIAAAAAAAAAAgAAAAAAAAA --mojo-platform-channel-handle=1612 /prefetch:2 , 20210512095256.595655-420 , C:\Users\Mija\AppData\Local\Programs\Visual Studio Code\Code.exe ,872 , 7672 , ('DESKTOP-0UPL3QB', 0, 'Mija') , (0, 'S-1-5-21-1662580254-4271704066-2701401304-1001') , SeChangeNotifyPrivilege |
"C:\Users\Mija\AppData\Local\Programs\Visual Studio Code\Code.exe" --type=renderer --disable-color-correct-rendering --field-trial-handle=1604,6053777237197649480,2579428812847459903,131072 --enable-features=WebComponentsV0Enabled --disable-features=CertVerifierService,CookiesWithoutSameSiteMustBeSecure,SameSiteByDefaultCookies,SpareRendererForSitePerProcess --lang=en-US --standard-schemes=vscode-webview,vscode-file --secure-schemes=vscode-webview,vscode-file --bypasscsp-schemes --cors-schemes=vscode-webview,vscode-file --fetch-schemes=vscode-webview,vscode-file --service-worker-schemes=vscode-webview --streaming-schemes --app-user-model-id=Microsoft.VisualStudioCode --app-path="C:\Users\Mija\AppData\Local\Programs\Visual Studio Code\resources\app" --no-sandbox --no-zygote --device-scale-factor=1 --num-raster-threads=1 --renderer-client-id=5 --no-v8-untrusted-code-mitigations --mojo-platform-channel-handle=2480 /prefetch:1 --vscode-window-config=vscode:24c268df-9ce7-4ed7-8b82-b0cc8298c75e , 20210512095256.886258-420 , None ,872 , 8184 , ('DESKTOP-0UPL3QB', 0, 'Mija') , (0, 'S-1-5-21-1662580254-4271704066-2701401304-1001') , SeChangeNotifyPrivilege |SeImpersonatePrivilege |SeCreateGlobalPrivilege |
"C:\Users\Mija\AppData\Local\Programs\Visual Studio Code\Code.exe" bhservice_task.vbs , 20210512095256.274243-420 , C:\Users\Mija\AppData\Local\Programs\Visual Studio Code\Code.exe ,2264 , 872 , ('DESKTOP-0UPL3QB', 0, 'Mija') , (0, 'S-1-5-21-1662580254-4271704066-2701401304-1001') , SeChangeNotifyPrivilege |SeImpersonatePrivilege |SeCreateGlobalPrivilege |
"C:\Users\Mija\AppData\Local\Programs\Visual Studio Code\Code.exe" --inspect-port=0 "c:\Users\Mija\AppData\Local\Programs\Visual Studio Code\resources\app\out\bootstrap-fork" --type=extensionHost , 20210512095259.422987-420 , C:\Users\Mija\AppData\Local\Programs\Visual Studio Code\Code.exe ,8184 , 8668 , ('DESKTOP-0UPL3QB', 0, 'Mija') , (0, 'S-1-5-21-1662580254-4271704066-2701401304-1001') , SeChangeNotifyPrivilege |SeImpersonatePrivilege |SeCreateGlobalPrivilege |
"C:\Users\Mija\AppData\Local\Programs\Visual Studio Code\Code.exe" --type=renderer --disable-color-correct-rendering --field-trial-handle=1604,6053777237197649480,2579428812847459903,131072 --enable-features=WebComponentsV0Enabled --disable-features=CertVerifierService,CookiesWithoutSameSiteMustBeSecure,SameSiteByDefaultCookies,SpareRendererForSitePerProcess --disable-gpu-compositing --lang=en-US --standard-schemes=vscode-webview,vscode-file --secure-schemes=vscode-webview,vscode-file --bypasscsp-schemes --cors-schemes=vscode-webview,vscode-file --fetch-schemes=vscode-webview,vscode-file --service-worker-schemes=vscode-webview --streaming-schemes --app-user-model-id=Microsoft.VisualStudioCode --app-path="C:\Users\Mija\AppData\Local\Programs\Visual Studio Code\resources\app" --no-sandbox --no-zygote --disable-blink-features=Auxclick --device-scale-factor=1 --num-raster-threads=1 --renderer-client-id=7 --no-v8-untrusted-code-mitigations --mojo-platform-channel-handle=2876 /prefetch:1 --vscode-window-config=vscode:dadfa650-6a26-4634-b7a8-3d7883272aee , 20210512095259.892265-420 , C:\Users\Mija\AppData\Local\Programs\Visual Studio Code\Code.exe ,872 , 8968 , ('DESKTOP-0UPL3QB', 0, 'Mija') , (0, 'S-1-5-21-1662580254-4271704066-2701401304-1001') , SeChangeNotifyPrivilege |SeImpersonatePrivilege |SeCreateGlobalPrivilege |
"C:\Users\Mija\AppData\Local\Programs\Visual Studio Code\Code.exe" "c:\Users\Mija\AppData\Local\Programs\Visual Studio Code\resources\app\out\bootstrap-fork" --type=ptyHost , 20210512095301.116662-420 , C:\Users\Mija\AppData\Local\Programs\Visual Studio Code\Code.exe ,8968 , 4816 , ('DESKTOP-0UPL3QB', 0, 'Mija') , (0, 'S-1-5-21-1662580254-4271704066-2701401304-1001') , SeChangeNotifyPrivilege |SeImpersonatePrivilege |SeCreateGlobalPrivilege |
"C:\Program Files\Git\cmd\git.exe" --version , 20210512095303.247697-420 , C:\Program Files\Git\cmd\git.exe ,8668 , 8512 , ('DESKTOP-0UPL3QB', 0, 'Mija') , (0, 'S-1-5-21-1662580254-4271704066-2701401304-1001') , SeChangeNotifyPrivilege |SeImpersonatePrivilege |SeCreateGlobalPrivilege |
"C:\Program Files\Git\cmd\git.exe" rev-parse --show-toplevel , 20210512095304.296172-420 , None ,8668 , 8044 , ('DESKTOP-0UPL3QB', 0, 'Mija') , (0, 'S-1-5-21-1662580254-4271704066-2701401304-1001') , SeChangeNotifyPrivilege |SeImpersonatePrivilege |SeCreateGlobalPrivilege |
"C:\Users\Mija\AppData\Local\Programs\Visual Studio Code\Code.exe" bhservice_task.vbs , 20210512095335.976090-420 , C:\Users\Mija\AppData\Local\Programs\Visual Studio Code\Code.exe ,8256 , 4308 , ('DESKTOP-0UPL3QB', 0, 'Mija') , (0, 'S-1-5-21-1662580254-4271704066-2701401304-1001') , SeChangeNotifyPrivilege |SeImpersonatePrivilege |SeCreateGlobalPrivilege |
"C:\Users\Mija\AppData\Local\Programs\Visual Studio Code\bin\..\Code.exe"  "C:\Users\Mija\AppData\Local\Programs\Visual Studio Code\bin\..\resources\app\out\cli.js" bhservice_task.vbs , 20210512095335.709044-420 , C:\Users\Mija\AppData\Local\Programs\Visual Studio Code\Code.exe ,3372 , 8256 , ('DESKTOP-0UPL3QB', 0, 'Mija') , (0, 'S-1-5-21-1662580254-4271704066-2701401304-1001') , SeChangeNotifyPrivilege |SeImpersonatePrivilege |SeCreateGlobalPrivilege |
"C:\Users\Mija\AppData\Local\Programs\Visual Studio Code\Code.exe" --type=crashpad-handler --user-data-dir=C:\Users\Mija\AppData\Roaming\Code /prefetch:7 --no-rate-limit --monitor-self-annotation=ptype=crashpad-handler --database=C:\Users\Mija\AppData\Roaming\Code\Crashpad --url=appcenter://code?aid=a4e3233c-699c-46ec-b4f4-9c2a77254662&uid=432e1fe1-fcff-4209-8276-9ce444a89648&iid=432e1fe1-fcff-4209-8276-9ce444a89648&sid=432e1fe1-fcff-4209-8276-9ce444a89648 --annotation=_companyName=Microsoft --annotation=_productName=VSCode --annotation=_version=1.56.1 --annotation=prod=Electron --annotation=ver=12.0.4 --initial-client-data=0x404,0x408,0x40c,0x3dc,0x410,0x7ff61d264e90,0x7ff61d264ea0,0x7ff61d264eb0 , 20210512095336.201322-420 , C:\Users\Mija\AppData\Local\Programs\Visual Studio Code\Code.exe ,4308 , 5952 , ('DESKTOP-0UPL3QB', 0, 'Mija') , (0, 'S-1-5-21-1662580254-4271704066-2701401304-1001') , SeChangeNotifyPrivilege |SeImpersonatePrivilege |SeCreateGlobalPrivilege |
"C:\Users\Mija\AppData\Local\Programs\Visual Studio Code\Code.exe" --type=utility --utility-sub-type=network.mojom.NetworkService --field-trial-handle=1560,4227518388771433708,5647671871646166351,131072 --enable-features=WebComponentsV0Enabled --disable-features=CertVerifierService,CookiesWithoutSameSiteMustBeSecure,SameSiteByDefaultCookies,SpareRendererForSitePerProcess --lang=en-US --service-sandbox-type=network --standard-schemes=vscode-webview,vscode-file --secure-schemes=vscode-webview,vscode-file --bypasscsp-schemes --cors-schemes=vscode-webview,vscode-file --fetch-schemes=vscode-webview,vscode-file --service-worker-schemes=vscode-webview --streaming-schemes --mojo-platform-channel-handle=1996 /prefetch:8 , 20210512095336.658866-420 , C:\Users\Mija\AppData\Local\Programs\Visual Studio Code\Code.exe ,4308 , 740 , ('DESKTOP-0UPL3QB', 0, 'Mija') , (0, 'S-1-5-21-1662580254-4271704066-2701401304-1001') , SeChangeNotifyPrivilege |SeImpersonatePrivilege |SeCreateGlobalPrivilege |
"C:\Users\Mija\AppData\Local\Programs\Visual Studio Code\Code.exe" --type=gpu-process --field-trial-handle=1560,4227518388771433708,5647671871646166351,131072 --enable-features=WebComponentsV0Enabled --disable-features=CertVerifierService,CookiesWithoutSameSiteMustBeSecure,SameSiteByDefaultCookies,SpareRendererForSitePerProcess --disable-color-correct-rendering --gpu-preferences=SAAAAAAAAADgAAAwAAAAAAAAAAAAAAAAAABgAAAAAAAoAAAAAAAAAAAAAAAAAAAAAAAAAAAAAAB4AAAAAAAAAHgAAAAAAAAAKAAAAAQAAAAgAAAAAAAAACgAAAAAAAAAMAAAAAAAAAA4AAAAAAAAABAAAAAAAAAAAAAAAAUAAAAQAAAAAAAAAAAAAAAGAAAAEAAAAAAAAAABAAAABQAAABAAAAAAAAAAAQAAAAYAAAAIAAAAAAAAAAgAAAAAAAAA --mojo-platform-channel-handle=1556 /prefetch:2 , 20210512095336.433444-420 , C:\Users\Mija\AppData\Local\Programs\Visual Studio Code\Code.exe ,4308 , 8160 , ('DESKTOP-0UPL3QB', 0, 'Mija') , (0, 'S-1-5-21-1662580254-4271704066-2701401304-1001') , SeChangeNotifyPrivilege |
"C:\Users\Mija\AppData\Local\Programs\Visual Studio Code\Code.exe" --type=renderer --disable-color-correct-rendering --field-trial-handle=1560,4227518388771433708,5647671871646166351,131072 --enable-features=WebComponentsV0Enabled --disable-features=CertVerifierService,CookiesWithoutSameSiteMustBeSecure,SameSiteByDefaultCookies,SpareRendererForSitePerProcess --lang=en-US --standard-schemes=vscode-webview,vscode-file --secure-schemes=vscode-webview,vscode-file --bypasscsp-schemes --cors-schemes=vscode-webview,vscode-file --fetch-schemes=vscode-webview,vscode-file --service-worker-schemes=vscode-webview --streaming-schemes --app-user-model-id=Microsoft.VisualStudioCode --app-path="C:\Users\Mija\AppData\Local\Programs\Visual Studio Code\resources\app" --no-sandbox --no-zygote --device-scale-factor=1 --num-raster-threads=1 --renderer-client-id=5 --no-v8-untrusted-code-mitigations --mojo-platform-channel-handle=2456 /prefetch:1 --vscode-window-config=vscode:46a4636d-b4af-45e4-b53d-366e2295499e , 20210512095336.775359-420 , None ,4308 , 8380 , ('DESKTOP-0UPL3QB', 0, 'Mija') , (0, 'S-1-5-21-1662580254-4271704066-2701401304-1001') , SeChangeNotifyPrivilege |SeImpersonatePrivilege |SeCreateGlobalPrivilege |
"C:\Users\Mija\AppData\Local\Programs\Visual Studio Code\Code.exe" --inspect-port=0 "c:\Users\Mija\AppData\Local\Programs\Visual Studio Code\resources\app\out\bootstrap-fork" --type=extensionHost , 20210512095339.227149-420 , C:\Users\Mija\AppData\Local\Programs\Visual Studio Code\Code.exe ,8380 , 5256 , ('DESKTOP-0UPL3QB', 0, 'Mija') , (0, 'S-1-5-21-1662580254-4271704066-2701401304-1001') , SeChangeNotifyPrivilege |SeImpersonatePrivilege |SeCreateGlobalPrivilege |
"C:\Users\Mija\AppData\Local\Programs\Visual Studio Code\Code.exe" --type=renderer --disable-color-correct-rendering --field-trial-handle=1560,4227518388771433708,5647671871646166351,131072 --enable-features=WebComponentsV0Enabled --disable-features=CertVerifierService,CookiesWithoutSameSiteMustBeSecure,SameSiteByDefaultCookies,SpareRendererForSitePerProcess --disable-gpu-compositing --lang=en-US --standard-schemes=vscode-webview,vscode-file --secure-schemes=vscode-webview,vscode-file --bypasscsp-schemes --cors-schemes=vscode-webview,vscode-file --fetch-schemes=vscode-webview,vscode-file --service-worker-schemes=vscode-webview --streaming-schemes --app-user-model-id=Microsoft.VisualStudioCode --app-path="C:\Users\Mija\AppData\Local\Programs\Visual Studio Code\resources\app" --no-sandbox --no-zygote --disable-blink-features=Auxclick --device-scale-factor=1 --num-raster-threads=1 --renderer-client-id=7 --no-v8-untrusted-code-mitigations --mojo-platform-channel-handle=3120 /prefetch:1 --vscode-window-config=vscode:c3d944d3-d37f-4d65-bd60-c1f2733b3d24 , 20210512095339.675172-420 , C:\Users\Mija\AppData\Local\Programs\Visual Studio Code\Code.exe ,4308 , 7476 , ('DESKTOP-0UPL3QB', 0, 'Mija') , (0, 'S-1-5-21-1662580254-4271704066-2701401304-1001') , SeChangeNotifyPrivilege |SeImpersonatePrivilege |SeCreateGlobalPrivilege |
"C:\Users\Mija\AppData\Local\Programs\Visual Studio Code\Code.exe" "c:\Users\Mija\AppData\Local\Programs\Visual Studio Code\resources\app\out\bootstrap-fork" --type=ptyHost , 20210512095341.116170-420 , C:\Users\Mija\AppData\Local\Programs\Visual Studio Code\Code.exe ,7476 , 2704 , ('DESKTOP-0UPL3QB', 0, 'Mija') , (0, 'S-1-5-21-1662580254-4271704066-2701401304-1001') , SeChangeNotifyPrivilege |SeImpersonatePrivilege |SeCreateGlobalPrivilege |
C:\Windows\system32\cmd.exe /d /s /c "wsl.exe -l -q" , 20210512095342.766231-420 , None ,5256 , 7512 , ('DESKTOP-0UPL3QB', 0, 'Mija') , (0, 'S-1-5-21-1662580254-4271704066-2701401304-1001') , SeChangeNotifyPrivilege |SeImpersonatePrivilege |SeCreateGlobalPrivilege |
CommandLine, Time, Executable, Parent PID, PID, User, SID, Privileges
CommandLine, Time, Executable, Parent PID, PID, User, SID, Privileges
"C:\Windows\system32\notepad.exe"  , 20210512100421.429073-420 , C:\Windows\system32\notepad.exe ,4184 , 7672 , ('DESKTOP-0UPL3QB', 0, 'Mija') , (0, 'S-1-5-21-1662580254-4271704066-2701401304-1001') , N/A
CommandLine, Time, Executable, Parent PID, PID, User, SID, Privileges
"C:\Windows\SysWOW64\DllHost.exe" /Processid:{776DBC8D-7347-478C-8D71-791E12EF49D8} , 20210515123726.879635-420 , C:\Windows\SysWOW64\DllHost.exe ,772 , 4572 , ('DESKTOP-0UPL3QB', 0, 'Mija') , (0, 'S-1-5-21-1662580254-4271704066-2701401304-1001') , SeChangeNotifyPrivilege |
"C:\Users\Mija\AppData\Local\Microsoft\OneDrive\21.052.0314.0001\FileCoAuth.exe" -Embedding , 20210515123727.226936-420 , C:\Users\Mija\AppData\Local\Microsoft\OneDrive\21.052.0314.0001\FileCoAuth.exe ,772 , 8616 , ('DESKTOP-0UPL3QB', 0, 'Mija') , (0, 'S-1-5-21-1662580254-4271704066-2701401304-1001') , SeChangeNotifyPrivilege |
None , 20210515123727.729424-420 , None ,656 , 2688 , (None, 2, None) , (2, None) , N/A
None , 20210515123727.724051-420 , None ,6148 , 8796 , (None, 2, None) , (2, None) , N/A
None , 20210515123729.881908-420 , None ,5104 , 7856 , ('DESKTOP-0UPL3QB', 0, 'Mija') , (0, 'S-1-5-21-1662580254-4271704066-2701401304-1001') , N/A
None , 20210515123729.896156-420 , None ,7856 , 8408 , ('DESKTOP-0UPL3QB', 0, 'Mija') , (0, 'S-1-5-21-1662580254-4271704066-2701401304-1001') , N/A
None , 20210515123808.783441-420 , None ,7856 , 4156 , ('DESKTOP-0UPL3QB', 0, 'Mija') , (0, 'S-1-5-21-1662580254-4271704066-2701401304-1001') , N/A
None , 20210515123808.927849-420 , None ,4156 , 9200 , ('DESKTOP-0UPL3QB', 0, 'Mija') , (0, 'S-1-5-21-1662580254-4271704066-2701401304-1001') , N/A
None , 20210515123809.398779-420 , None ,8284 , 1464 , (None, 2, None) , (2, None) , N/A
None , 20210515123809.144954-420 , None ,656 , 8284 , (None, 2, None) , (2, None) , N/A
None , 20210515123809.403040-420 , None ,1464 , 8884 , (None, 2, None) , (2, None) , N/A
CommandLine, Time, Executable, Parent PID, PID, User, SID, Privileges
"C:\Windows\system32\cmd.exe"  , 20210515124123.449866-420 , C:\Windows\system32\cmd.exe ,5104 , 3284 , ('DESKTOP-0UPL3QB', 0, 'Mija') , (0, 'S-1-5-21-1662580254-4271704066-2701401304-1001') , SeChangeNotifyPrivilege |
\??\C:\Windows\system32\conhost.exe 0x4 , 20210515124123.484889-420 , C:\Windows\system32\conhost.exe ,3284 , 5560 , ('DESKTOP-0UPL3QB', 0, 'Mija') , (0, 'S-1-5-21-1662580254-4271704066-2701401304-1001') , SeChangeNotifyPrivilege |
C:\Windows\system32\svchost.exe -k LocalSystemNetworkRestricted -p -s NgcSvc , 20210515124138.918867-420 , C:\Windows\system32\svchost.exe ,656 , 4288 , ('NT AUTHORITY', 0, 'SYSTEM') , (0, 'S-1-5-18') , N/A
consent.exe 6148 288 0000014C720861C0 , 20210515124228.534000-420 , C:\Windows\system32\consent.exe ,6148 , 2592 , ('NT AUTHORITY', 0, 'SYSTEM') , (0, 'S-1-5-18') , N/A
C:\Windows\system32\AUDIODG.EXE 0x420 , 20210515124228.855641-420 , C:\Windows\system32\AUDIODG.EXE ,2124 , 8572 , ('NT AUTHORITY', 0, 'LOCAL SERVICE') , (0, 'S-1-5-19') , N/A
"C:\Windows\SysWOW64\DllHost.exe" /Processid:{776DBC8D-7347-478C-8D71-791E12EF49D8} , 20210515124228.256544-420 , C:\Windows\SysWOW64\DllHost.exe ,772 , 9080 , ('DESKTOP-0UPL3QB', 0, 'Mija') , (0, 'S-1-5-21-1662580254-4271704066-2701401304-1001') , SeChangeNotifyPrivilege |
"C:\Windows\system32\cmd.exe"  , 20210515124230.159798-420 , C:\Windows\system32\cmd.exe ,5104 , 8688 , ('DESKTOP-0UPL3QB', 0, 'Mija') , (0, 'S-1-5-21-1662580254-4271704066-2701401304-1001') , SeChangeNotifyPrivilege |SeImpersonatePrivilege |SeCreateGlobalPrivilege |
\??\C:\Windows\system32\conhost.exe 0x4 , 20210515124230.218210-420 , C:\Windows\system32\conhost.exe ,8688 , 5512 , ('DESKTOP-0UPL3QB', 0, 'Mija') , (0, 'S-1-5-21-1662580254-4271704066-2701401304-1001') , SeChangeNotifyPrivilege |SeImpersonatePrivilege |SeCreateGlobalPrivilege |
bhservice.exe  start , 20210515124351.170688-420 , c:\Users\Mija\Documents\BlackHatPython2\Chapter10\bhservice\dist\bhservice.exe ,8688 , 10196 , ('DESKTOP-0UPL3QB', 0, 'Mija') , (0, 'S-1-5-21-1662580254-4271704066-2701401304-1001') , SeChangeNotifyPrivilege |SeImpersonatePrivilege |SeCreateGlobalPrivilege |
bhservice.exe  start , 20210515124351.422719-420 , c:\Users\Mija\Documents\BlackHatPython2\Chapter10\bhservice\dist\bhservice.exe ,10196 , 1104 , ('DESKTOP-0UPL3QB', 0, 'Mija') , (0, 'S-1-5-21-1662580254-4271704066-2701401304-1001') , SeChangeNotifyPrivilege |SeImpersonatePrivilege |SeCreateGlobalPrivilege |
"c:\Users\Mija\Documents\BlackHatPython2\Chapter10\bhservice\dist\bhservice.exe" , 20210515124351.772626-420 , c:\Users\Mija\Documents\BlackHatPython2\Chapter10\bhservice\dist\bhservice.exe ,656 , 6824 , ('NT AUTHORITY', 0, 'SYSTEM') , (0, 'S-1-5-18') , N/A
"c:\Users\Mija\Documents\BlackHatPython2\Chapter10\bhservice\dist\bhservice.exe" , 20210515124352.034441-420 , c:\Users\Mija\Documents\BlackHatPython2\Chapter10\bhservice\dist\bhservice.exe ,6824 , 8720 , ('NT AUTHORITY', 0, 'SYSTEM') , (0, 'S-1-5-18') , N/A
\??\C:\Windows\system32\conhost.exe 0x4 , 20210515124352.039753-420 , C:\Windows\system32\conhost.exe ,8720 , 9868 , ('NT AUTHORITY', 0, 'SYSTEM') , (0, 'S-1-5-18') , N/A
taskhostw.exe -RegisterDevice -ProtectionStateChanged -FreeNetworkOnly , 20210515124353.605697-420 , C:\Windows\system32\taskhostw.exe ,1316 , 4336 , ('NT AUTHORITY', 0, 'SYSTEM') , (0, 'S-1-5-18') , N/A
C:\Windows\system32\svchost.exe -k netsvcs -p -s gpsvc , 20210515124353.964349-420 , C:\Windows\system32\svchost.exe ,656 , 7892 , ('NT AUTHORITY', 0, 'SYSTEM') , (0, 'S-1-5-18') , N/A
python  process_monitor2.py , 20210515124553.690607-420 , C:\Users\Mija\AppData\Local\Programs\Python\Python39\python.exe ,8688 , 9384 , ('DESKTOP-0UPL3QB', 0, 'Mija') , (0, 'S-1-5-21-1662580254-4271704066-2701401304-1001') , SeChangeNotifyPrivilege |SeImpersonatePrivilege |SeCreateGlobalPrivilege |
"C:\Windows\system32\SearchFilterHost.exe" 0 804 808 816 8192 812 788  , 20210515124554.940144-420 , C:\Windows\system32\SearchFilterHost.exe ,4024 , 6052 , ('NT AUTHORITY', 0, 'SYSTEM') , (0, 'S-1-5-18') , SeChangeNotifyPrivilege |
"C:\Windows\system32\SearchProtocolHost.exe" Global\UsGthrFltPipeMssGthrPipe18_ Global\UsGthrCtrlFltPipeMssGthrPipe18 1 -2147483646 "Software\Microsoft\Windows Search" "Mozilla/4.0 (compatible; MSIE 6.0; Windows NT; MS Search 4.0 Robot)" "C:\ProgramData\Microsoft\Search\Data\Temp\usgthrsvc" "DownLevelDaemon"  , 20210515124554.917159-420 , C:\Windows\system32\SearchProtocolHost.exe ,4024 , 7968 , ('NT AUTHORITY', 0, 'SYSTEM') , (0, 'S-1-5-18') , N/A
"C:\Users\Mija\AppData\Local\Microsoft\OneDrive\21.052.0314.0001\FileCoAuth.exe" -Embedding , 20210515124726.319998-420 , C:\Users\Mija\AppData\Local\Microsoft\OneDrive\21.052.0314.0001\FileCoAuth.exe ,772 , 6224 , ('DESKTOP-0UPL3QB', 0, 'Mija') , (0, 'S-1-5-21-1662580254-4271704066-2701401304-1001') , SeChangeNotifyPrivilege |
